actual_stars,predicted_stars,explanation,review
4,4,"The review is largely positive, highlighting good food, friendly service, quality drinks, and a pleasant atmosphere. While acknowledging it was slow late night, the reviewer notes it's a good happy hour spot and praises the patio. The overall tone is favorable.","We got here around midnight last Friday... the place was dead. However, they were still serving food..."
5,5,"The reviewer states the etouffee is the best outside of Louisiana, a very strong positive statement indicating high satisfaction.",Brought a friend from Louisiana here.  She says that the crawfish etouffee here is the best she's ha...
3,3,"The review is positive overall, mentioning enjoyment of the food and a regular habit of visiting. However, the phrase ""Typical strip mall pizza"" suggests it's not exceptional, leaning towards average.","Every friday, my dad and I eat here. We order the same thing... pizza wraps. they are good and filln..."
1,1,"The review expresses extreme dissatisfaction with a grossly overpriced and inaccurate diagnosis, leading to a significant waste of money. The customer explicitly states disappointment and will not return, indicating a very negative experience.","My husband and I were really, really disappointed with our experience at Coulter Infiniti.  We broug..."
5,5,"The review uses overwhelmingly positive language (""Love this place!"", ""amazing!"", ""Must try!"") and indicates repeat business, suggesting a very high level of satisfaction.",Love this place!  Was in phoenix 3 weeks for work.  Ate here 3 times.  The squid salad is amazing!  ...
4,4,"The review is overwhelmingly positive, highlighting good location, price, free parking/breakfast, cleanliness, and room size. Minor negatives (bathroom noise) are acknowledged but don't significantly detract from the overall experience. The reviewer states they would stay again.","This hotel is in a good location for getting to the sports venues downtown, the convention center or..."
4,4,"The review is overwhelmingly positive, praising the food quality, variety, and late-night service. While service is mentioned as inconsistent, a positive experience is also detailed. The enthusiastic tone and specific food recommendations suggest a strong positive impression.",I love that this place has top seafood plates and choices. The services is hit and miss but once i w...
4,5,"The reviewer uses enthusiastic language (""Awesome"", ""awesomer"") and expresses strong positive sentiment towards both ramen and boba tea, indicating a highly positive experience.",Awesome if you like ramen...even awesomer if you like boba tea!!!
5,5,"The review uses overwhelmingly positive language (""Great place"", ""favorite places"", ""awesome"", ""generous"") and highlights multiple positive aspects (seating, food quality, portion size).""","Great place for a ""home office"" morning. One of my favorite places - indoor & outdoor seating. Alway..."
1,1,"The review explicitly states dissatisfaction with both service (1 star) and food quality (specifically, extremely small portions of meat), and concludes with a statement of not returning. This strongly indicates a very negative experience and a 1-star rating.","1 star for service, but the food is not ok :( they literally put 4 pieces of chicken on my taco. I l..."
4,4,"The review is overwhelmingly positive, highlighting good food, efficient service for a large group, and a reasonable price. While not ecstatic, it's a very satisfied customer experience.",Good food and able to manage a large group easily. Our party had 11 and there wasn't a long wait at ...
5,5,"The review is overwhelmingly positive, using words like ""great"" repeatedly and highlighting multiple positive aspects (atmosphere, people, prices, accommodating staff). The slight caveat at the end (""If you have the right mind"") doesn't detract from the overall enthusiastic tone.","This place is great!
If you talk to anybody they have a suggestion for a great flavor.
You can bring..."
3,5,The review expresses strong enthusiasm for Air Jordans with a rhetorical question implying they are universally known and loved. This indicates a very positive experience.,Air Jordan! need I say more?
4,4,"The review is overwhelmingly positive, highlighting convenience, good prices, selection, and helpful details. The only negative point is a minor caution about the deli staff, but even that is tempered with understanding. The reviewer clearly finds this Fry's location valuable and reliable.",There are many other reviews which extol the virtues of this location. I just wanted to add some of ...
5,5,"The review expresses extreme gratitude and highlights exceptional service going above and beyond (phone support, quick dispatch of help). The user also states they will continue referring, indicating high satisfaction.",TJ was there for me when my water heater broke and started flooding my garage.  He walked me through...
2,3,"The review is mixed. While the burger is described as 'good', the sides and drinks are considered average or overpriced, leading to an overall 'okay' experience. This aligns with a 3-star rating.","So I was pretty excited about this burger joint opening since it's President Obama's favorite... 
Th..."
4,3,"The review is mixed. While the reviewer acknowledges the quality of the store, they feel uncomfortable there and were dissatisfied with the registry experience (misspelled name). It's not a strongly negative experience, but not positive enough for 4 or 5 stars.","I really don't consider myself a Neiman's type of girl...
As a matter of fact, I don't really feel c..."
4,4,"The review highlights a positive aspect of Red Robin (the petite burger option for calorie control) and provides helpful information for others with similar dietary goals. While not overwhelmingly enthusiastic, it's a positive experience.","I have been trying to reduce my caloric intake and found out that at Red Robin you can order a ""peti..."
5,5,"The review uses highly positive language (""Great"", ""awesome"", ""must have"") and expresses strong enthusiasm for the food. This indicates a very positive experience.",Great pizza and awesome must have guacamole pizza appitizer!!!!
5,4,"The review highlights the airport's convenience and speed, despite its limited airline options. The author explicitly states it was a positive experience getting to their destination quickly. The snack comment is minor and doesn't detract from the overall positive sentiment.",This is a quaint little airport which is very convenient if you are travelling to the Tempe/Mesa are...
5,4,"The review is overwhelmingly positive, praising the burger as ""fantastic"" and noting improvement with the fries. While there are minor criticisms (cups, drink size), they don't detract significantly from the overall enjoyment. The messy burger is even presented as a positive.",Headed back to Lobby's. How I missed this tasty burger. I wasn't disappointed with round 2. The burg...
5,4,"The review is overwhelmingly positive, praising the food quality, variety, value, and friendly service. While acknowledging the less-than-ideal ambiance (being located in a casino), the reviewer explicitly states it's 'worth a visit' and a 'gem', indicating a strong positive experience despite the surroundings.",Simple but really great cajun food prepared in steamers right in front of you.  Selections include g...
1,1,"The review is overwhelmingly negative, citing rude staff, hidden pricing, overpriced activities, uncomfortable temperatures, and malfunctioning equipment. This indicates a very poor experience.","Staff was very rude, bowling prices weren't displayed to the best of their ability, extreme bowling ..."
4,4,"The review is overwhelmingly positive, highlighting excellent staff service, good food, and a fantastic pool. The only negative is the noise from the courtyard, which is a specific room issue and doesn't detract significantly from the overall experience.",The staff is really helpful.  I arrived without credit card due to a travel mishap and they were gre...
4,5,"The review is overwhelmingly positive, highlighting fresh, hot food, friendly service, and a pleasant experience. The reviewer explicitly states it's a ""great little place"" they will return to.","Someone asked the question in the Yelp talk threads where the best place was for fried things, like ..."
4,4,"The review is overwhelmingly positive, praising the food quality (pork, sauce, horchata) and value. While they didn't get burritos, they were still 'fully satisfied,' indicating a very good experience.","After browsing at the Bookman's next door, we were feeling hungry and were tempted by the notion of ..."
1,2,"The review expresses strong dissatisfaction with pricing (""way too high""), indicating a negative experience. While not the most scathing review, it's unlikely to warrant a higher rating.",Prices are often way too high!
4,4,"The review is largely positive, highlighting good value for money (2 for $13.99 special, happy hour), fast and friendly service, and decent food quality. While there are minor complaints (price of first drink in 2-for-1 deal), the overall tone is very favorable and expectations were exceeded.",I have been to this place twice so far.  The first time I had no idea what to expect since I never h...
2,2,"The review highlights significant negatives (saw always out of service, higher prices) alongside minor positives (short checkout, nice garden department). The ""Meh"" sentiment reinforces a generally negative experience, leaning towards a 2-star rating.","The wood saw is always out of service...
The garden department is nice, but the staff is a little st..."
2,2,"The review details extremely poor service â€“ long waits, lack of basic amenities, and unprofessional behavior from the server. While the food (specifically the burrata) was good, the overwhelmingly negative service experience significantly outweighs it, leading to a low rating. The lack of any compensation further contributes to the negative impression.",I've never been to a restaurant where we (a party of 6 with a reservation) sat at a cleared table wi...
1,1,"The review is overwhelmingly negative, citing blandness, lack of key ingredients (peanuts), dryness, and a generally poor taste experience across all three dishes. The reviewer explicitly states they will not return and recommends others go elsewhere.","My wife and I live around the corner, hadn't eaten here in a few months. We got food for take out, M..."
1,1,"The review is overwhelmingly negative, filled with frustration and annoyance at every step of the gas-buying process. The writer expresses strong dislike and vows to never return, indicating a very poor experience.","Ok, so I have to share my morning experience. But first I must start off by saying this: I'm no moro..."
3,4,"Despite a less-than-ideal location, the reviewer highly praises the pulled pork and beans, with only minor criticism of the slaw. The intent to return suggests a positive overall experience, leaning towards a 4-star rating.","Found this place by accident.  Not the greatest location.

The pulled pork rates about an 8 on my sc..."
4,5,"The review is overwhelmingly positive and enthusiastic, using terms like ""cutest place ever,"" ""countrilicous,"" and repeatedly praising the food (especially the pancake and bacon). Despite some humorous observations about the clientele and price of items, the overall tone is highly favorable and nostalgic.",I'm a little bit country. I'm a little bit rock n roll...thank you Donny and Marie. Pinnacle Peak Ge...
5,5,"The review is overwhelmingly positive, praising cleanliness, efficiency, friendly staff, and food presentation. The reviewer explicitly states they will return and contrasts this location favorably with other Subways.","This subway is one of the cleanest, and most efficient subways I have EVER been to.  I've only been ..."
5,5,"The review is overwhelmingly positive, highlighting a friendly atmosphere, skilled artists, and a comfortable experience. The reviewer explicitly states they will recommend the shop to others.",I agree with the other reviewers.. Ink bomb is definitely a shop that has a family vibe. All the tat...
5,5,"The review uses extremely positive language (""simply the best,"" ""perfect,"" ""consummate"") and expresses strong satisfaction. The wistful comment about wishing they worked closer further indicates a very positive experience.","Simply the best sandwiches I have ever tasted.

The Mozarella, Tomato, Basil is perfect. The focacci..."
5,4,"The reviewer generally enjoyed the food (chicken and waffles, omelette, lemonade) and would return. While there were minor complaints about portion size and the son's pancakes, the overall experience was positive, outweighing the negatives.","Went here today Sunday about 8:50 and it was crowded but not to bad, about 1/2 hour wait. Im warning..."
4,4,"The review is overwhelmingly positive, praising the BBQ (brisket and ribs) and root beer. Minor complaints about the ordering style and coleslaw don't significantly detract from the overall experience. The long line indicates popularity, which is generally a positive sign.","Great BBQ, although not a huge fan of the cafeteria style ordering. I have been twice, I got the bri..."
2,1,"The review explicitly states a negative experience (""wasted 38 bucks"") and a firm intention to not repeat the purchase (""never again""). This strongly indicates a 1-star rating.",Well I just wasted 38 bucks....never again
3,2,"The review consistently compares the food negatively to other restaurants, stating everything was 'better somewhere else' and 'mediocre'. While service was good, the food quality and value were poor, leading to a low rating.","While staying at The Pointe Hilton Tapatio, we decided to eat here for our anniversary dinner. To su..."
1,2,"The review highlights extremely poor food quality despite good service. The customer explicitly states the food was 'horrible' and details multiple issues with the steak, salad, veggies, and bread. The uncomfortable dining environment further detracts from the experience, leading to a very negative overall impression.","I've eaten here many times, but none as bad as last night.
Service was excellent, and highly attenti..."
1,2,"The review is overwhelmingly negative, filled with disturbing comparisons and criticisms of the clientele and drink quality. While acknowledging potential appeal for those under 21 or new to the club scene, the overall tone is highly critical and paints a very unfavorable picture.",Some of my friends brought me here last night and the first thing that came into my mind was that th...
3,3,"The review details a frustrating and somewhat harrowing experience getting lost, but is written with humor and ultimately ends with a positive outcome (getting a ride). While the hike was poorly marked and stressful, the author doesn't express outright negativity towards the mountain itself, and the story is engaging. It's not a glowing recommendation, but not a terrible experience either.","Uh-oh. Where am I? 

The view from atop the mountain is superb. The city can be seen in all directio..."
4,5,"The review is overwhelmingly positive, praising the food, service, and atmosphere. While acknowledging it's pricey, the reviewer accepts this due to the W Hotel brand and still highly recommends it.","Mmmmm, Mmmmmm, Great food.  The popcorn shrimp here are to die for-they leave a wonderful lasting im..."
4,5,"The review is overwhelmingly positive, praising the staff, food quality (especially spice levels), and prices. The enthusiastic language (""food rocks"", ""best bargain"") and repeated positive comments strongly indicate a 5-star experience.","Decor  functional 
Staff friendly and are really kind to our toddler
food rocks  within my  limited ..."
4,4,"The review is overwhelmingly positive, highlighting a pleasant shopping experience, helpful staff, good selection, and reasonable prices with coupons. While the reviewer didn't find their initial desired item, they still made purchases and plan to return, indicating overall satisfaction.","I was looking for a comforter for my new bed when I realized that this B,B, and B was close by so I ..."
5,5,"The review is overwhelmingly positive, using strong superlatives like ""absolute best"" and praising multiple aspects of the experience (food, setting, drinks). The enthusiastic tone and recommendation strongly suggest a 5-star rating.",I had lunch today at CASK 63 with a banker to discuss our collective power to create business in the...
4,5,"The review is overwhelmingly positive, praising the food quality, portion sizes, and fair pricing. The reviewer explicitly states they are ""very glad"" they went and will ""most definitely come back."" Minor comments about the interior are overshadowed by the enthusiastic description of the dining experience.","While I'm a sushi fan, my husband is a sushi FIEND - we made biweekly trips to his favorite haunt in..."
1,1,"The review expresses extreme dissatisfaction with the service, citing significant lateness, getting lost, and ultimately causing the reviewer to miss a paid class with a non-refundable fee. The language used (""WORST TAXI SERVICE EVER"") is highly negative.","If you have to be some place on time, don't use them.  I called at 2pm for a 4:15 taxi to arrive.  A..."
1,1,"The review explicitly states the food is ""truly awful"" and compares it unfavorably to Panda Express, indicating a very negative experience. Multiple specific food quality issues are cited (wrong meat, falling apart wontons, greasy food).",When owners/staff changed we kept hoping for the best.  (The friendly owners/cooks of the previous r...
3,3,"The reviewer states it's 'okay' and prefers it to Denny's, but doesn't rave about it. The comparison suggests it's a decent, reliable choice, leaning towards average.",I like it better then Denny's so I stop on by to get some breakfast. It's okay not the best place in...
4,4,"The review is overwhelmingly positive, highlighting a unique and enjoyable atmosphere, good food, and quick service. While not exceptional, the experience is described as 'awesome' and 'thrilling', indicating a strong positive sentiment.","Neat!!!!!!!!!!!!!!!!

This place is like a trip to a non-petting zoo and aquarium and aviary while y..."
4,4,"The review highlights consistently good food and service, with only minor drawbacks (shabby decor). The overall tone is positive, indicating a solid 4-star experience.","I've been going to this place for years, and they have always stayed true to their own style.  The p..."
4,4,"The reviewer explicitly states the overall value is a 4 after averaging individual component ratings, and ultimately concludes Nimbus is a good place. While some items were average, the beer selection, service, and deal significantly elevate the experience.","Beer is almost a 4, food is a 3, service was a 4.5.  + Check in deal makes it a 5.  Add that up and ..."
3,3,"The review expresses both positive (layout, view, supporting local business) and negative (price, drink options, dance club concept) sentiments. The overall tone suggests the reviewer likes the potential but has significant reservations, landing it in the middle at 3 stars.","I love the layout of this outdoor bar. However, the price of drinks here and the lack of well option..."
5,5,"Despite a minor drink order issue, the review is overwhelmingly positive, highlighting excellent food (salmon, bread pudding), atmosphere, service, and a clear intention to return. The playful tone and enthusiastic recommendation strongly suggest a 5-star experience.","The waiter got the drink wrong: ""up"" means served strained without ice, not on the rocks, but I was ..."
5,5,"The review uses highly positive language (""in love"", ""super delicious"", ""yummm"") and expresses a strong desire to return, indicating a 5-star experience.",I am in love with Yogurtland fro yo!!  It is super delicious and inexpensive!!  I got the coconut an...
5,5,"The review is overwhelmingly positive, using words like ""never been disappointed,"" ""excellent service,"" and ""friendly."" The reviewer expresses strong loyalty and a clear favorite dish, indicating a very high level of satisfaction.",I found this restaurant when they were located in Buckeye. I have tried everything on the menu proba...
1,2,"The review details multiple negative experiences: increased price, reduced portion size, lack of service, and poor tea preparation. While reminiscing about past positive experiences, the current visit was clearly disappointing, indicating a low rating.",We use to visit this Pub 10 years ago because they had a nice English waitress and excellent fish an...
2,1,The reviewer experienced significant inconvenience and was unable to receive service despite the stated opening time. This indicates a very negative experience.,Writing my 7/29/11 review prompted me to return to this establishment for a manicure. I got there at...
2,2,"The review expresses multiple negative points (under seasoned, store-bought tortillas, no return plan) and only one neutral comment ('beans were ok'). This indicates a generally poor experience.",This place is way under seasoned.  The beans were ok.  I hate that they use store bought tortillas. ...
4,4,"The review is overwhelmingly positive, highlighting a fun atmosphere and good service despite acknowledging some wear and tear. The reviewer explicitly states they had a 'blast' and a 'good time' on both visits, indicating a strong positive experience. The bathroom issue is a drawback, but not severe enough to warrant a lower rating.","If you appreciate a good dive bar, you will love this place!  We came here for the first time when o..."
3,3,"The review is generally neutral. While acknowledging Target is 'standard,' the reviewer expresses disappointment it doesn't feel elevated given its location in an upscale shopping center. The parking/traffic complaints further detract from the experience, but aren't dealbreakers. A 3-star rating reflects this mixed sentiment.",As Target's go this one is standard fare. That consistency is part of their brand recognition. Howev...
4,4,"The reviewer explicitly states they are giving four stars instead of five due to the dirty dining room, but otherwise loves the food and price. This aligns with a strong positive experience tempered by a significant negative.","Let's rewind four years:

""You've never been to Chino Bandido?""
""No, what is it?""
""How long have you..."
2,3,"The review is largely negative, highlighting issues with the food quality (soggy salad, artificial gelato, poorly executed pizzas). However, it acknowledges a 'cool concept' and states it's 'better than Pizza Hut', indicating it's not terrible, but doesn't live up to expectations. This points to a middle-ground rating of 3 stars.","Ahh man,
.....I REALLY wanted this to be good.

But honestly, you end up with something that's more ..."
5,5,"The review uses overwhelmingly positive language (""WOW"", ""excellent"", ""WONDERFUL"", ""BEST""), describes dishes being thoroughly enjoyed, and states intent to return, indicating a highly satisfied customer.",WOW what can I say... our friends have eaten here for years and we finally got to eat at Don and Cha...
5,5,"The review uses highly positive language (""Favorite,"" ""Great,"" ""tender,"" ""Friendly"") and expresses intent to return (""See ya there!""). The ""Nom nom"" further indicates strong enjoyment.","Favorite Pho in the phoenix area so far.  
Great, tender meat in my pho chin nam (#8).
I see they al..."
2,2,"The review expresses clear dissatisfaction with the food quality (dressing and tomatoes), using negative descriptors like ""wasn't impressed"" and ""very very mushy"". This indicates a poor experience, leaning towards a 2-star rating.",Wasn't impressed. Dressing tasted like a store bought bottle dressing and tomatoes very very mushy.
4,4,"The review is overwhelmingly positive, highlighting a great time, tasty apps, good drinks, awesome service, and a pleasant atmosphere. While the calamari wasn't a hit, it was a minor issue and didn't detract significantly from the overall experience. The intention to return is a strong indicator of satisfaction.",This review is specifically for my experience at Trader Vic's last night (a Saturday night) for Happ...
3,3,"The reviewer explicitly states they are giving 3 stars. While they highlight a positive (the sandwich) and offer workarounds for the slow service, the overall rating is clearly stated as 3.","I'm giving the 3 stars solely for 1 reason: 
The veggie sandwich! 

There's normally only 1 person w..."
2,2,"The review explicitly states a significant decline in quality (""gone DOWNHILL, big time"") and uses a highly negative proposed name change, indicating strong dissatisfaction despite past positive experiences.","Years ago, and I do mean years ago, their Mill Avenue location in Tempe, was outstanding.

As they e..."
5,4,"The review is overwhelmingly positive, highlighting good food, originality, and good customer service. While it acknowledges the small interior, the numerous 'pros' and enthusiastic tone suggest a 4-star experience.",Really?  Because it doesn't get any better than this.  For what it is and for what it's worth this p...
4,5,"The review is overwhelmingly positive, using words like ""great,"" ""coolest,"" ""awesome,"" and ""love."" It highlights multiple positive aspects of the bar (bartender, prices, jukebox, entertainment, location) and expresses strong affection for the place.","Oz is a great local bar and a nice change from the bumping Charlie's (which, don't get me wrong, is ..."
3,3,"The review highlights both positive (atmosphere, customer service) and negative (expensive steak, no included side) aspects. The strong negative feeling about value for money and likelihood of not returning pulls the rating down from higher, but the positives prevent it from being very low.","Love the atmosphere and how trendy rhus place is, reminds me of Nip/tuck kinda, the way they have it..."
5,5,"The review uses overwhelmingly positive language (""terrific experience"", ""great people"", ""quick and easy"") and highlights the positive impact of the organization, indicating a very satisfied customer.",I dropped off a ton of things here when I was liquidating my life in this town and it was a terrific...
2,2,The reviewer explicitly states they only go due to convenience and highlights significant billing issues (double charges) requiring bank disputes. This indicates a negative experience despite the convenience.,"I ALWAYS pay in cash at this Panda's. If it wasn't across the street from work, I wouldn't go here a..."
5,5,"The review uses strong positive language (""love love"", ""amazing"", ""very cute and artsy"") indicating a highly favorable experience.",I love love Barrio Cafe. The food is amazing and it is very cute and artsy.
3,4,"The review is largely positive, highlighting a great atmosphere, excellent salsas, and several tasty dishes (mole, calabacitas, pork taco). While the carne asada was a disappointment, the overall experience and intent to return suggest a 4-star rating.",La Condesa is in a rather unassuming location in Phoenix.  But has a nice atmosphere when you get in...
5,4,"The review is overwhelmingly positive, highlighting multiple 'amazing' dishes (chopped salad, bread pudding) and excellent service. While the mushrooms were initially found bland due to flavor contrast, the reviewer ultimately appreciated them, and the overall experience seems very favorable.","Tried the Restaurant Week special, and chose the Stetson chopped salad, mixed mushrooms with polenta..."
4,5,"The review uses overwhelmingly positive language (""Yum!"", ""Delicious"", ""wonderful"", ""devine!"") indicating a highly satisfying experience.","Yum! Delicious tasting pizza, a wonderful atmosphere, and oh those  Nutella crepes are devine!"
4,4,"The review is generally positive, highlighting generous portion sizes, friendly service, and a 'nice place'. While it states the sandwich was 'just good', the overall tone and other positive aspects suggest a 4-star experience.","I had a chicken panini and was more than enough! It was dinner and lunch!

They have this special br..."
4,4,"The reviewer explicitly states 'Four stars' and while they mention rounding up from 3.5, the overall tone is positive, highlighting several excellent dishes and expressing intent to return. The slow service is a significant drawback, but not enough to drop the rating below 4.","I have to admit: I am impressed.

I have been to a few vegan-only-menu restaurants and I was... unde..."
4,4,"The review explicitly states ""Like the 4 stars say..."" and is overwhelmingly positive, highlighting enjoyment of the atmosphere, coffee, staff, and convenience. While not perfect (the pastry comment suggests room for improvement), it's a strong positive experience.","I am a huge fan of local coffee shops with free wifi. I am also a huge fan of iced lattes. I know, h..."
4,4,"The review acknowledges the steak isn't top-tier but heavily emphasizes the atmosphere and overall experience as being exceptional and 'cool,' outweighing the food quality. This points to a very positive experience despite average food, justifying a 4-star rating.","OK, let's face it: there are better steaks in the Valley. As a matter of fact, if you just took the ..."
5,4,"The review is overwhelmingly positive, highlighting many good features (grass, crowd, amenities). The negative comment about the poodles is humorous and doesn't significantly detract from the overall positive experience, and the final sentence reinforces the benefit of the park.","This is a great dog park.  Plenty of grass to run around on, and there is always a good crowd to pla..."
5,5,"The review is overwhelmingly positive, using strong language like ""best ever"" and praising the barber's skill and attention to detail. The author explicitly states they'll be hard-pressed to go elsewhere.",This has got to be the best barber shop I've ever been to in my 38 years on this planet.  I was alwa...
4,4,"The review highlights positive experiences: a good car wash at a reasonable price, no pressure for add-ons, lower gas prices, and a senior discount. While not exceptional, it's a very positive overall experience.",Got a pretty decent HAND car wash for $15.00.  They asked about extras but weren't pushy about it.  ...
4,4,"Positive sentiment expressed with ""home made fresh noodles"" and a favorable comparison to a well-regarded food scene (San Francisco Chinatown) suggests a good experience.",Home made fresh noodles.  Reminds me of San Francisco china town food.
3,4,"The review is generally positive, highlighting a key benefit (finding an item HD didn't have at a good price) and recommending checking the store even for loyal HD customers. While noting it's more 'design-focused', this isn't a negative, and the overall tone is satisfied.","This really is more of a lady's hardware store with more design/decorating stuff, small appliances, ..."
4,4,"The review uses positive language (""great wine bar"", ""so good"", ""cozy"") and describes a pleasant experience with friends. Forgetting the names of the wine and food suggests enjoyment and relaxation, rather than dissatisfaction. The small size is framed positively as 'cozy'.",I found this on yelp and what a great wine bar! I went here last night after work with friends and w...
3,3,"The review is largely neutral, highlighting both positive (decent omelet, patio, 'eye candy') and negative (bland potatoes, slow service) aspects. The overall tone suggests an 'average' experience, leaning towards a 3-star rating.","The very definition of an average brunch.  My omelet was pretty decent, and it's nice that they let ..."
3,3,"The review simply states it's similar to Pei Wei, which is generally considered decent but not exceptional. 'Glorified' suggests a slight upgrade, leaning towards average.",Glorified Pei Wei
5,5,"The review is overwhelmingly positive, using words like ""great,"" ""pleasant,"" ""welcoming,"" ""tasty,"" and ""yum."" The reviewer highlights excellent service, food quality, ambiance, and even restroom cleanliness. They explicitly state they will return and recommend the restaurant.","Another great Italian find!

My BF and I went to Roma Garden for dinner last night because he was gi..."
4,4,"The review is overwhelmingly positive, highlighting good coffee, a pleasant atmosphere, and *especially* friendly staff. While not ecstatic, the reviewer clearly enjoyed the experience and intends to return, indicating a 4-star rating.","I'm not a coffee snob, but I love a good Americano.  

This place has the charm you'd expect from a ..."
5,5,"The review uses overwhelmingly positive language (""amazing"", ""far above expectations"", ""huge and delicious"", ""fantastic"", ""highly recommend"") and expresses strong satisfaction. It's a clear indication of a 5-star experience.",Went here while on vacation in Phoneix based on seeing it on Man vs Food. Could not have been more i...
4,4,"The review is overwhelmingly positive, highlighting spacious rooms, free amenities, and a good location. The reviewer explicitly states they would give 5 stars but deducts one due to the small and underwhelming pool.","The Hyatt Place Scottsdale is a hidden jewel in old town, just off the main drag this place is perfe..."
4,5,"The review is overwhelmingly positive, highlighting cleanliness, good stock, and short wait times. These are all strong indicators of a 5-star experience.",This is my neighborhood grocery store. It's at the two locations I shop at most. It's always clean a...
4,4,"Despite a significant issue with one dish (the Gyro), the reviewer highlights several positives: excellent Chicken Corfu, good salads and soup, attentive service (bill adjustment and promise to address the issue), and a fantastic location/atmosphere. The overall tone is positive and includes a recommendation.",Some of the food here is fantastic such as the Chicken Corfu $14.95 and others like the Gyro I found...
2,2,"The reviewer explicitly states they are giving two stars. While they acknowledge the ice cream is tasty and the selection is good, they strongly criticize the price as being excessively high, making it not worth the cost.","If you have $6 burning a hole in your pocket, and would like a thimble full of ice cream, this is yo..."
4,4,"The review is overwhelmingly positive, praising the atmosphere, beer/wine selection, and most of the food items. While there are minor criticisms (cheese plate, loud music), the overall tone is very favorable and highlights a 'pleasant experience'. The reviewer uses humor and generally positive language.",Loved the atmosphere most of all.  This is a converted bungalow house that should set an example for...
5,5,"The review is overwhelmingly positive, using terms like ""mecca,"" ""beautiful,"" and ""best place in the city."" The author expresses strong support and enthusiasm for the venue and its owner.","This is the new mecca of Phoenix music. 

Charlie Levy who booked for the now legendary Nita's Hidea..."
4,5,"The review is overwhelmingly positive, using words like ""really nice"", ""great"", and ""amazing"". It highlights multiple positive aspects (food, wine, coffee, live music, art, smoothies) and expresses strong satisfaction.",This is a really nice coffee shop and restaurant tucked away in a corner toward the east end of City...
4,3,"The reviewer is mixed. While they personally enjoyed some dishes (ravioli, lamb kabob), their mother didn't like much of anything. The reviewer expresses some frustration and disappointment with certain aspects of the food (escargots being too crunchy). Overall, it doesn't seem like a terrible experience, but not good enough for a 4 or 5-star rating.","Took Mom for dinner Monday night. This was the second time I took her here, and it'll be the last! G..."
2,2,"The reviewer explicitly states they are giving 2 stars due to consistently poor service over the last 6 months, despite previously rating the restaurant higher. While the food is good, the negative service experience heavily outweighs it.",I am a very loyal customer to pure sushi and have been for over 2 years now. Up until about 6 months...
3,3,"The review is largely positive, praising the staff and anime prices. However, the discontinuation of D&D books and dice is a significant negative, preventing a 4 or 5-star rating. The bootleg anime is tolerated due to price, but still a drawback.",The sales people here are very knowledgable and helpful. They are also very friendly and great with ...
1,1,"The review is overwhelmingly negative, using highly critical and insulting language ('mundane', 'dishwater', 'shit eaters', 'canaille'). While there's a sarcastic 'benefit' mentioned (keeping others out of better restaurants), it doesn't outweigh the extreme dissatisfaction expressed.","Once again, THE TROUGH SLURPERS offer far too many stars to this mundane eatery, proving again that ..."
2,3,"The reviewer states the food is 'good, not great' and expresses significant frustration with a hidden delivery fee. While not a terrible experience, the lack of transparency and feeling of being overcharged lead to a likely 3-star rating and a stated intention to not reorder.",We were excited when we found that we could add George and Sons to our delivery list.  The food is g...
5,5,"The review uses overwhelmingly positive language (""Love this place!"", ""great"", ""great little find"") and praises the food, service, and atmosphere. The mention of being busy is also often a positive indicator.","Love this place !

Food is spicy and always cooked just right.  Menu changes every so often and have..."
5,5,"The review is overwhelmingly positive, using phrases like ""wowed all 20 or so of us!"" and ""Damn that was good!"". The reviewer specifically praises the food, service, and atmosphere, and expresses a newfound appreciation for German cuisine. The overall tone is enthusiastic and highly satisfied.",I attended a UYE (Unofficial Yelp Event) here and I have to say that Haus Murphy's pretty much wowed...
4,4,"The review is overwhelmingly positive, highlighting multiple liked aspects (bread, Pollo Rosa Maria, salads). The minor complaints (frozen butter, no ranch, dessert preference) don't significantly detract from the overall positive experience. The enthusiastic language (""match made in heaven"", ""must!"") indicates a high level of satisfaction.","Like Red Robin, Carraba's is my go-to Italian joint that I know I wont be disappointed in.  

I love..."
4,5,"The review uses overwhelmingly positive language (""delightfully good"", ""great"", ""fantastic"") and praises multiple items on the menu, indicating a very positive experience.","The green chili  pulled pork omelet  was delightfully good.  The coffee was great, and so is the dec..."
4,5,"The review is overwhelmingly positive, praising the unique product selection, convenient ordering/pickup process, and interesting class offerings. The reviewer expresses strong enthusiasm and intent to return.",This is one of the only places in Phoenix that carries legitimate book binding supplies like book cl...
3,4,"The review is overwhelmingly positive, praising the gyro and falafel. The hummus portion is a negative, and the bartender's friendliness is inconsistent, but the positives outweigh the negatives.",Their beef gyro's are delicious!  Great portions for what you pay.  And their falafel is really good...
5,5,"The review is overwhelmingly positive, using words like ""fav"", ""great"", ""fun"", and ""steal"". It highlights multiple menu items and recommends the restaurant for both sushi novices and enthusiasts.",One of my fav sushi places in the Valley.  Great place to take someone who has never tried sushi or ...
4,5,"The review is overwhelmingly positive, praising the pizzeria as a welcome change and highlighting its quality, friendly staff, convenience, and value. The slightly critical tone towards Chicago-style pizza is presented as a preference, not a negative about this establishment.","So great to see the occasional NY style pizzeria pop up amid all these chi-town ""pizza"" impersonator..."
3,3,"The review is largely lukewarm (""Meh"" is used repeatedly) but ends on a positive note, suggesting potential. The reviewer explicitly states it's currently an ""A-Okay"" and mentions a possible future rating of 4 stars, indicating it's better than average but not great.",I don't know what Bar Smith is trying to be. I feel like instead of just saying okay we are going to...
1,2,"Despite the reviewer's attempts at positivity, the overwhelming sentiment is negative. They explicitly state they didn't care for the food, describe unpleasant experiences with the taste and presentation, and detail consistently poor service. While acknowledging others enjoy it, their personal experience was significantly negative.",I am not a fan of this place. I like to try to stay positive though so here is my attempt a the prov...
5,5,"The review expresses strong positive sentiment (""I LOVE love LOVE""), long-term loyalty, and praises both the products and service. The only negative is a wish for more locations, which doesn't detract from the overall positive experience.",I LOVE love LOVE Coffee Bean.  I have been in love with Coffee Bean for years.  I am so bummed out t...
3,4,"The review is overwhelmingly positive, praising the taste, price, speed, and portion size. The only negative is a suggestion for adding vegetables, which doesn't significantly detract from the overall experience.",The noodles are delicious here. I had the vegetarian spicy noodle. It doesn't come with anything but...
1,1,"The review is overwhelmingly negative, citing long waits, poor service, unpleasant staff, and bad food. The strong language (""crappy"", ""grumpy"", ""ever again"") indicates extreme dissatisfaction.","Long wait for food, waitresses that don't know what they're doing, grumpy hosts, and crappy food tha..."
5,5,"The review uses overwhelmingly positive language (""Amazing,"" ""best around,"" ""friendly"") and highlights multiple positive aspects (sushi quality, speed, cleanliness, staff). There are no negative comments.","Amazing sushi. Fast, clean, fresh. Friendly staff. Favorites are Arizona, Beauty, Alaska, and Spicy ..."
4,4,"The review is overwhelmingly positive, highlighting a fun experience, great staff, atmosphere, and good sushi variety. The only significant negative is the lack of spice, which doesn't detract enough to warrant a lower rating.","Part 2 of the business trip.  Dinner with the sales team.

We always have fun when out on the road a..."
4,4,"The reviewer explicitly states the rating is 4 stars and expresses overall satisfaction with cleanliness, speed of service, and the restaurant's spaciousness. While not a perfect 5, it's a positive experience.","The 4 stars is in comparison to other Chipotle's I've been to, especially in this area.

I have to a..."
4,5,"The review uses highly positive language (""Great"", ""best"") and highlights key benefits (price, crowd size), indicating a very positive experience.","Great place to see a show.  Prices are the best around, and it's never too crowded."
4,4,"The review is overwhelmingly positive, highlighting enjoyable food, drinks, and a relaxed atmosphere. While acknowledging service isn't always perfect, the reviewer dismisses it as acceptable for the cafe's style and emphasizes the quality of the food and overall experience.",Usually stop here for breakfast and mimosas. Agreed the service is not always the greatest but who e...
4,3,"The review is generally positive about the airport's amenities (shopping, food, cleanliness). However, significant negative points are raised regarding the long walk to certain gates, problematic security screening, and lengthy rental car shuttle. These issues detract from the overall experience, preventing a higher rating.","Nice clean airport with lots of places to shop and lots of food options.  Terminal 4 is nice.

Two t..."
4,5,"The review is overwhelmingly positive, using enthusiastic language (""holy mecca of cupcake land"", ""MERCY"", ""worth every cent""). While there's a minor complaint about drink options, it's overshadowed by praise for the cupcakes themselves, the helpful staff, and the overall experience. The reviewer clearly loved it.","While doing a bicycle ride to the Orange Table, I pointed to a friend that LuLus Cupcakes was access..."
5,5,"The review is overwhelmingly positive, praising the theater's unique offerings and the owner's dedication despite financial challenges. The tone is grateful and appreciative.",The Harkins Camelview 5 gives Arizonans the unique opportunity to see movies that are normally reser...
4,5,"The review is overwhelmingly positive, using words like ""exceeded expectations,"" ""outstanding,"" ""very impressed,"" and ""muy delicious."" The reviewer highlights fresh food, a fun atmosphere, good value, and a wide variety of options. The minor wait time is presented as a positive sign of freshness.",El Taco de Chandler exceeded my expectations.  I've driven past it almost every day for a year.  My ...
3,3,"The review is mixed. While there's a positive comment about a 'fun night' and good service sometimes, there are significant negatives (pancakes, burger tasting issue). The overall tone leans towards a somewhat enjoyable but flawed experience, suggesting a 3-star rating.",Drunk people go here. Service is good depending who you get. The Burger according to one Arik B can ...
4,4,"The review is overwhelmingly positive, highlighting good food, beer selection, and atmosphere. The main complaint is about the music, which doesn't detract significantly from the overall positive experience. The reviewer expresses intent to return.","I finally went here, after reading the reviews and pouting about how busy I was with work and how it..."
3,4,"The review is generally positive, highlighting friendly staff, availability of machines, and amenities like magazines. The complaints (AC and TV channels) are minor inconveniences, not dealbreakers, suggesting a good overall experience.","Not the newest or the nicest but, everything you need and usually no wait for machines. The staff is..."
4,4,"The review is overwhelmingly positive, highlighting great food, good prices, and a fun atmosphere. While the author expresses a desire to try more dishes before a higher rating, the current experience is clearly enjoyable and merits a 4-star rating.",wouldnt you agree that a key part of enjoying the dining experience in part depends upon the company...
5,5,"The review is overwhelmingly positive, using words like ""Love"", ""handsome"", and stating the dog didn't want to leave. It also highlights overcoming the dog's anxiety, a significant positive outcome.",Love Belly Rubz!! At first little Oscar was timid about me dropping him off but when I came to pick ...
5,5,"The review is overwhelmingly positive, praising the food, service, and atmosphere. While there's a minor complaint about the butter, it's overshadowed by numerous compliments and a strong statement of intent to return.","This place is fantastic. Great food, superior service, gorgeous decor... I had a Breakfast Casserole..."
4,3,"The review is generally positive, highlighting good dinner and great brunch. However, the criticism of the masala and the negative comment about the service bring the overall experience down from a 4 or 5. A 3 feels appropriate given the mix of positive and negative feedback.","Had dinner and brunch, not on the same day...the dinner was good, although I thought the mandala mas..."
3,4,"The review is overwhelmingly positive, highlighting the courses as 'great', 'fun', 'challenging', and 'scenic'. While acknowledging it's not a destination course, it's a 'local fave' and offers a good value. The positive comments about the food and atmosphere further support a 4-star rating.","Rolling Hills is two executive courses, and great for a quick cheap round of golf.  Totally not an o..."
4,4,"The review is overwhelmingly positive, praising the food quality and flavor. While the reviewer docked a star for minor ambiance and bread/cheese preferences, the overall sentiment is highly favorable and indicates a strong likelihood of returning.","I had my first meal at Miele's last night, and was pleasantly surprised.  I purchased a Groupon to t..."
4,4,"The review is overwhelmingly positive, praising the design, service, and food. The mention of 'kinks' suggests it's not perfect, preventing a 5-star rating, but the overall enthusiasm and intent to return indicate a strong 4-star experience.",Sure it's walking distance from my house - so I was hoping I would have a new place for my morning t...
1,2,"The review is largely negative, describing the food as ""so-so"" and the prices as ""outrageous."" While the reviewer acknowledges it's good for families, their personal experience is underwhelming, stating they ""just don't love it"" and suggesting others ""take your money elsewhere"" unless they have children.","Take your money elsewhere, unless you've got kids.  I really try to like this place.  A family membe..."
5,5,"The review is overwhelmingly positive, using enthusiastic language (""Yum yum yum!"", ""the bomb!"") and highlighting consistent quality, great value, and multiple appealing features (fresh chips, diverse menu, lunch specials, kids' activities, microbrewery, good margaritas). The reviewer states they've eaten there 30+ times, indicating strong satisfaction.",Yum yum yum! Mexican food has to me my favorite type of food and Arriba is for sure at the top of my...
4,4,"The review explicitly states a 4 out of 5 star rating overall and the individual category scores are all relatively high (mostly 4s and 5s). While the food doesn't *exceed* expectations, it's still considered 'good' and the other aspects are very positive.","I was here not too long ago.  The place is cute and when you look at the menu, you can't help but be..."
4,4,"The review is overwhelmingly positive, highlighting delicious food (ravioli, miso soup) and understanding why it's a favorite. While the wine is only 'ok', the recommendation of elixirs suggests a positive overall experience. The phrase 'pretty delicious' reinforces this.",I went here again when I got back to Phoenix after being gone for six months. This is one of my mom'...
3,3,"The review is mixed. While the food is 'OK' and the restaurant is clean, the reviewer explicitly states it's 'not all that' and suggests better options exist for the price, indicating a neutral to slightly positive experience.",This place isn't all that but there food is OK.  There are better Chinese options for the price (try...
5,5,"The review uses extremely positive language (""freaking good"", ""great"", ""absolutely delicious"", ""love everything"") and expresses a strong desire to revisit, indicating a 5-star experience.","So freaking good.  The drinks are great too.  Ask for ""the icon"" not on menu, but very good!

Love e..."
5,5,"The review uses highly positive language (""excellent,"" ""wonderful,"" ""extremely flavorful,"" ""highly recommended"") and praises both the service and food quality, indicating a very positive experience.",Another excellent find in Scottsdale.  The service is wonderful and the food is extremely flavorful ...
4,4,"The review is largely positive, describing the coffee shop as 'nice' and retaining a 'cozy, neighborly feel'. While noting price and changes in clientele, the overall tone is appreciative and recommends it as a starting point for exploring the neighborhood.","I do enjoy this coffee shop, though admittedly it has largely subscribed to bohemian bloodletting si..."
4,4,"The review is overwhelmingly positive, highlighting multiple dishes the reviewers enjoyed and praising the service and price. The only significant negative is the sweet and sour pork, which doesn't outweigh the many positives.",Thai Basil is just delicious! I love Thai food but i try not t drag the bf along too much since he h...
3,3,"The reviewer explicitly states they give the restaurant 3 stars. The review is generally positive, highlighting good food, service, and lemonade, but doesn't express overwhelming enthusiasm.",My sis recommend this place for our weekly dinner. We shared on of the large appetizer platters (hum...
4,5,"The reviewer, a self-described 'pizza snob' and New Yorker, gives overwhelmingly positive feedback, specifically praising the crust, mozzarella, toppings, and overall resemblance to NY-style pizza. The enthusiastic tone and direct compliment to the pizza maker ('Yo! Tony! You make a good pizza.') strongly indicate a 5-star experience.",Never been in - but I get pizza delivered from them now and then. I am a New Yorker and to call me a...
5,5,"The review is overwhelmingly positive, despite initial skepticism. The author expresses genuine awe and fascination with the unique plants and wildlife, and highlights the garden's educational and enduring appeal. The language used (e.g., ""exception,"" ""bizarre,"" ""never grows old"") indicates a very high level of satisfaction.","I am not usually a fan of botanical gardens. They seem too precious, too ""perfect"" to be of much int..."
5,4,"The review is overwhelmingly positive, highlighting enjoyable beer, good food (especially the carne adovada and fries), and a great atmosphere. While the turkey burger is described as 'standard,' all other aspects are praised, leading to a strong recommendation.",Thanks fellow yelpers for brining us to Four Peaks!  My husband and I were stuck in Phoenix for the ...
4,4,"While some dishes were average (3 stars), the excellent curry and fresh coconut water, combined with reasonable prices, elevate the overall experience to a 4-star rating.","We went over for dinner- had the spring rolls, chicken curry, and lemongrass chicken. The spring rol..."
2,2,"The review is largely negative, citing overpriced food, mediocre quality compared to competitors, and exceptionally poor service. While the nachos are praised, the overall experience is marred by the service issues and lack of value, leading to an irritated feeling despite being full.","I've been here a few times now and I would say it is decent, slightly overpriced Mexican food. Their..."
5,5,"The review is overwhelmingly positive, using words like ""terrific,"" ""amazed,"" ""impeccable,"" ""wonderful,"" and ""cherished."" While the reviewer acknowledges the cost, they strongly recommend the show and state they were highly rewarded by the experience.","01/04/2012

I thank Yelp and ATC for giving me the great opportunity to experience a terrific perfor..."
4,4,"The review is overwhelmingly positive, praising the food (sampler, tostones) and the overall experience. The political commentary is playful and doesn't detract from the positive sentiment towards the restaurant.",In spite of being on the corner of 44th and Camelback it does a good job of insulating you from the ...
1,1,"The review uses extremely negative language (""Disgusting!"", ""pretty bad"", ""no flavor""), describes an unpleasant atmosphere, and expresses suspicion about the authenticity of positive reviews. This strongly indicates a 1-star experience.",Disgusting!  Had a Groupon so my daughter and I tried it out.  Very outdated and gaudy 80's style in...
2,3,"The reviewer explicitly states the food was 'decent' and service 'good', but heavily criticizes the high price and pretentious atmosphere. They suggest a price reduction and attitude adjustment would improve their rating, indicating dissatisfaction despite not hating the meal. This points to a middle-ground rating of 3 stars.",I don't often review places on Yelp because of the time commitment and because usually I am just loo...
3,3,"The reviewer explicitly states ""Three solid stars from me."" and the overall sentiment is mixed - positive about happy hour, ribs, atmosphere and service, but negative about the music volume. This aligns with a 3-star rating.","Okay, so I like Canteen and all, but dear Lord, let's turn that music down a notch! These guys have ..."
4,5,"The review uses overwhelmingly positive language (""reliably good"", ""great"", ""fabulous"", ""outstanding"") and explicitly states it's an exception to the reviewer's avoidance of chains, indicating high satisfaction.","Always reliably good.  Great beer selection as well as fabulous ""bitch fizz"" (ciders, etc.) and cock..."
2,2,"The review details a highly negative experience â€“ car trouble, unhelpful people, and reliance on strangers for rescue. While humorous in tone, the core experience is stressful and frustrating, indicating a poor rating. The author explicitly describes the gas station as the 'Bermuda Triangle' of gas stations.","This gas station is like the bermuda triangle of gas stations!
I came here w/ a friend on a first fr..."
1,2,"The review explicitly states ""service was awful"" and ""food was just okay"" and ends with ""Won't be going back"". This indicates a significantly negative experience, leaning towards a 2-star rating.","The service here was awful, we waited patiently for over 15 minutes for our server to come by our ta..."
4,5,"The review uses highly positive language (""delicious"", ""satisfies"", ""everyone left happy"") and expresses complete satisfaction with the food and experience.","Finally, a pizza place that satisfies the individual pizza taste buds of my family! We ordered the R..."
4,4,"The review is overwhelmingly positive, listing multiple desirable qualities (Smithwick's, good food, vibe, music, soccer atmosphere). The reviewer explicitly states '4 & 1/4 stars', rounding down to 4 is reasonable.","This place is right up my alley.

Smithwick's on tap- check
Awesome fish & chips (award-winning for ..."
5,5,"The review is overwhelmingly positive, using words like ""amazing,"" ""perfect,"" ""delicious,"" and ""highlight."" The reviewer explicitly states they would return and recommends it highly to locals.",After driving down a teeny dimly lit road and coming across what looked like a medical office buildi...
4,5,"The review expresses strong positive sentiment, explicitly stating it's the reviewer's ""number one"" sub place and praising the freshness of the ingredients.",The meat and bread is so fresh that it makes Mr. Goodcents my number one sub place to hit up when in...
4,4,"The review is generally positive, stating all dishes tried have been 'good'. While the reviewer finds the spice level moderate ('good' hot even at the hottest), the overall sentiment is favorable, suggesting a 4-star experience.",Been dining here about a year and still trying diff things from the menu and all have been good. I d...
4,4,"The review is overwhelmingly positive, praising the staff, restaurant, and overall value. While there's a noted downside with room renovations, the author acknowledges Kimpton's efforts and still gives 'high marks on all fronts,' indicating a strong positive experience.","As a travel consultant for cre8adventures.com, we came away impressed. This is a moderately priced g..."
4,3,"The reviewer expresses overall fondness for Pita Jungle but details several negative experiences during this specific visit (slow service, disliked soup, check presented too early, warm temperature). These issues prevent a higher rating, but the positive initial impression and concluding statement suggest it's not a terrible experience either.","I really love Pita Jungle.  My first experience was at the one downtown, and now, I have to get my f..."
3,4,"The review is positive, highlighting enjoyment specifically for a young child who loves trains. While the reviewer doesn't personally enjoy it, the strong positive experience for the intended audience (little kids) warrants a 4-star rating.",I only go here when my little cousin is in town and he adores this place. My cousin is 4 years old a...
3,3,"The review is largely neutral. The reviewer expresses initial excitement but then lists several minor drawbacks (smell, music, timing). They state they'd return for food and potentially drinks, but not immediately, indicating a generally positive but not outstanding experience.","I really wanted to fall madly in love with this place, I mean, a British themed pub in Heritage Squa..."
4,4,"Despite some odd decor and a disruptive patron, the reviewer overwhelmingly enjoyed the food (specifically the sandwich) and was pleasantly surprised by the restaurant's quality. The negative aspects didn't overshadow the positive experience enough to warrant a lower rating.","With a name like ""The Lodge"", I thought I was going to an old dirty restaurant with some of the neig..."
5,5,"The review is overwhelmingly positive, using words like ""indescribably cool,"" ""genius,"" and ""not to be missed!"" While there's a minor note about disrepair, the reviewer actively wants to support restoration and the overall experience is highly praised.",I'm not going to lie - I indulged in fantasies about Howard Roark during the course of my 90-minute ...
5,5,"The review uses overwhelmingly positive language (""SO glad"", ""exceeded my wildest expectations"", ""pleasantly surprised"", ""highly recommend"") and praises the therapist's skill. This indicates a very positive experience.",I got a coupon at a past Yelp event to try them out and I'm SO glad I did!  Massage Envy really exce...
4,4,"The review is overwhelmingly positive, highlighting amazing food (specifically the garlic appetizer and pizza) and a cozy, romantic ambiance. While there were minor service hiccups, the reviewer was understanding and prioritized good food. The 'decent service' and 'lively but romantic' description support a 4-star rating.","I didn't pay much attention to this place for several years.  Passed it many times, just didn't catc..."
3,2,"The reviewer explicitly states the food is only ""ok"" and heavily criticizes the price as ""outrageous"", indicating a negative experience despite potentially acceptable food quality.","Food is just ok, but the problem is it's way overpriced! I mean $9 for loco moco? Outrageous!"
1,1,"The review explicitly states the customer was ""extremely underwhelmed"" and ""do not plan on returning."" The detailed description of poor service (being ignored, lack of acknowledgement) strongly indicates a very negative experience.",I was searching for a unique item to give as a Thank You gift and I stopped by Practical Art over th...
3,4,"Despite the reviewer's slight discomfort with the 'trendy' vibe and price, the overwhelming sentiment is positive. They repeatedly use enthusiastic language ('deeee-licious', 'loooooooooooove', 'genius!!!', 'adore', 'fantastic') to describe the food and atmosphere, and ultimately state that 'taste wins out'.","the food here is deeee-licious. i like the decor, the ambiance, the menu, the waitstaff. however, i ..."
4,4,"The review uses positive language (""really enjoyed"", ""fancy"", ""LIKE"", ""Mmmmm!"") and expresses clear satisfaction with the food, indicating a positive experience. While not overwhelmingly enthusiastic, it's well above neutral.",My boyfriend just reviewed this place and although we have never  been here together - I thought tha...
3,4,"The review highlights multiple positive aspects (customer service, atmosphere, drinks, and food) with enthusiastic language (""YUMMIE""). While not overwhelmingly detailed, the consistently positive feedback suggests a 4-star experience.","1. Good Customer Service
2. Clean Atmosphere
3. Good Margaritas
4. YUMMIE Carna Asada Burrito"
5,5,"The review is overwhelmingly positive, praising the service, prices, atmosphere, and overall experience. The reviewer explicitly states they 'love this place' and will not seek alternatives.",I am proud to say that I sent Kristin S. here for her awesome hair transformation (8 inches is a lot...
5,3,"The reviewer explicitly states the 5-star rating is *only* for the happy hour. They heavily criticize the regular menu. While the happy hour is fantastic, the overall experience seems mixed, leaning towards average. A 3 reflects this duality.","note: the 5 stars i'm giving this place is for their happy hour menu, not the regular menu. if you o..."
5,5,"The review is overwhelmingly positive, using enthusiastic language like ""to DIE for,"" ""gone to heaven,"" and expressing a strong desire to return and try the entire menu. The reviewer clearly loves the food and atmosphere.",Have you ever eaten somewhere and just can't get the craving out of your head and you have to go bac...
4,4,"The review is overwhelmingly positive. While acknowledging some minor issues (slow service, noise), the reviewer explicitly states the food was 'very tasty', calls it a 'good joint', and says they 'would return'. This indicates a strong positive experience.",Stopped by for a quick bite on a Saturday afternoon. Did not realize that the place had just opened ...
2,2,The review explicitly states it's 'not exactly a great place to eat' but suggests it's okay for a casual shake/ice cream with a teenager. This indicates a slightly below average experience.,Not exactly what I would call a great place to eat. If you want to take your teenager out for a shak...
4,4,"The review is overwhelmingly positive, highlighting great drinks, food, atmosphere, and people. The negative comment about the staring man is minor and dismissed as likely a one-time occurrence, not impacting the overall experience significantly.","Great drinks!!!

Good atmosphere

Fantastic food (the bbq chicken pizza is a must)

Nice people to c..."
3,3,"The review is generally positive, highlighting several liked items (pita, fire feta, tea). However, it also points out some disappointments (salad, rice, tzatziki) and states they wouldn't go out of their way to visit, indicating a solid but not exceptional experience.","As a fairly new connoisseur of Greek food, this place is pretty good. I like their pita a lot, and t..."
5,5,"The review is overwhelmingly positive, using words like ""awesome"" and ""delicious"" and highlighting excellent service (free sample tray, delivery to bar). The enthusiasm expressed (""can't wait until they come back!"") strongly indicates a 5-star experience.",short leash is awesome! we tried the sample platter and they delivered it to us inside the bar. we w...
5,4,"The review is overwhelmingly positive, praising the smoothie quality, freshness of ingredients, and value for money. While the reviewer didn't try everything on the menu, they explicitly state the smoothies 'did not disappoint' and are recommended. The tone is enthusiastic without being ecstatic, suggesting a solid 4-star experience.",Visited the phoenix public market - open air market - farmers market they have on saturday mornings ...
3,3,"The review is mixed. While the service is highly praised (5 stars), the food quality is rated lower (2.5 stars for food overall, bland steak and trout). The overall experience seems decent due to the atmosphere and service, but the underwhelming food prevents a higher rating.","Service - 5 stars (which is so rare). Food 2.5 stars. 
My husband and I are a little picky when it c..."
4,5,"The review uses overwhelmingly positive language (""outstanding"", ""amazing"", ""delicious"", ""tasty"", ""definitely recommend"", ""come back in a heartbeat""). This indicates a very high level of satisfaction.","Had an outstanding lunch here.  The view is amazing, their cheese fondue dip was delicious, and they..."
5,5,"The review uses extremely positive language (""best workout ever"", ""FOR SURE"") indicating a highly satisfied customer.",Hybrid class!! Did it a few years back and to this day it's the best workout I've ever had. Will be ...
3,4,"The review is largely positive, praising the coffee and food. The only negative is a feeling of not being able to relax, which doesn't detract enough to warrant a lower rating, suggesting a good but not perfect experience.",I've swung into Echo a few times and haven't ever had a bad cup of coffee. The cappuccino is pretty ...
5,5,"The review uses overwhelmingly positive language (""Love this place!"", ""Great vibe"", ""Fantastic drinks and goodies!!"") and expresses a strong desire for the business to be available elsewhere, indicating high satisfaction.",Love this place! Wish we had one here in CA. Great vibe once you walk through that door. Fantastic d...
4,4,"The review expresses positive sentiment (""hooked"", ""cool"", ""amazed""). While acknowledging the price, the overall tone is enthusiastic and appreciative of the product and Apple's ecosystem.","Well, this is where I got my iPad, and I am hooked of all Apple products.  Yes, they are expensive, ..."
4,5,"The review is overwhelmingly positive, explicitly stating the place is ""better...hands down"" than a well-regarded competitor, praising the menu variety, prices, and food quality. The language used indicates a very high level of satisfaction.",I finally made it to this place after hearing nothing but great reviews from others.  Now I can see ...
3,4,"The review is overwhelmingly positive, praising the food as 'great', highlighting the generous portions, and describing a solid overall experience. While it notes the margaritas aren't great and dessert isn't worth it, these are minor drawbacks compared to the many positives.",The best example North Scottsdale has of traditional Phoenix sonoran mexican food.  Los Olivos resta...
4,5,"The review uses very positive language (""Very good food!"", ""friendly server"", ""definitely return!"") and highlights good service and portion sizes. No negative comments are present.",Very good food! We ate some shrimp tacos and macaroni and cheese. They split our tacos up for us and...
5,5,"The review is overwhelmingly positive, using words like ""fantastic,"" ""perfection,"" and describing frequent return visits. The author expresses regret for not trying it sooner and raves about multiple aspects of the establishment.","When I moved to the Valley, our first place was a rental in Old Town.  The previous tenant/owner gen..."
